{
  "overall": {
    "mean_ceiling_iou": 0.8007138402929367,
    "mean_achieved_iou": 0.5692545400112929,
    "mean_gap": 0.23145930028164374,
    "pct_at_ceiling": 33.045089561457694,
    "correlation": -0.2123721793964848
  },
  "by_category": {
    "cs": {
      "n": 216,
      "mean_ceiling_iou": 0.7942636656288945,
      "mean_achieved_iou": 0.6971296240074346,
      "mean_gap": 0.0971340416214597,
      "pct_at_ceiling": 54.166666666666664,
      "mean_area": 21468.606946298998
    },
    "econ": {
      "n": 214,
      "mean_ceiling_iou": 0.799594551784808,
      "mean_achieved_iou": 0.5134576185282086,
      "mean_gap": 0.2861369332565992,
      "pct_at_ceiling": 29.439252336448597,
      "mean_area": 25367.705942307384
    },
    "eess": {
      "n": 196,
      "mean_ceiling_iou": 0.7629151590636984,
      "mean_achieved_iou": 0.6558521374156249,
      "mean_gap": 0.10706302164807362,
      "pct_at_ceiling": 46.42857142857143,
      "mean_area": 16390.809406484477
    },
    "math": {
      "n": 188,
      "mean_ceiling_iou": 0.7957710720501833,
      "mean_achieved_iou": 0.38190422636228744,
      "mean_gap": 0.413866845687896,
      "pct_at_ceiling": 15.425531914893616,
      "mean_area": 27329.88639534032
    },
    "physics": {
      "n": 213,
      "mean_ceiling_iou": 0.8022292226980552,
      "mean_achieved_iou": 0.5786765735577764,
      "mean_gap": 0.2235526491402788,
      "pct_at_ceiling": 30.985915492957744,
      "mean_area": 30870.678111916084
    },
    "q-bio": {
      "n": 176,
      "mean_ceiling_iou": 0.8070599016483665,
      "mean_achieved_iou": 0.6156039291934085,
      "mean_gap": 0.19145597245495807,
      "pct_at_ceiling": 35.79545454545455,
      "mean_area": 30652.646753310924
    },
    "q-fin": {
      "n": 216,
      "mean_ceiling_iou": 0.8231270199349304,
      "mean_achieved_iou": 0.5434026573803844,
      "mean_gap": 0.279724362554546,
      "pct_at_ceiling": 25.0,
      "mean_area": 28948.718693675768
    },
    "stat": {
      "n": 200,
      "mean_ceiling_iou": 0.8191619271190593,
      "mean_achieved_iou": 0.5591939096902953,
      "mean_gap": 0.25996801742876413,
      "pct_at_ceiling": 26.0,
      "mean_area": 28364.878030291413
    }
  },
  "by_size_regime": {
    "small": {
      "n": 2,
      "mean_ceiling_iou": 0.36537953971310366,
      "mean_achieved_iou": 0.6158109143433663,
      "mean_gap": -0.25043137463026266,
      "pct_at_ceiling": 100.0
    },
    "medium": {
      "n": 68,
      "mean_ceiling_iou": 0.5269193939510545,
      "mean_achieved_iou": 0.7624719750385488,
      "mean_gap": -0.2355525810874943,
      "pct_at_ceiling": 88.23529411764706
    },
    "large": {
      "n": 1549,
      "mean_ceiling_iou": 0.8132953063693782,
      "mean_achieved_iou": 0.5607123203014689,
      "mean_gap": 0.2525829860679092,
      "pct_at_ceiling": 30.53582956746288
    }
  }
}