{
  "correlations": {
    "Area": {
      "r": -0.2715622952131119,
      "p": 9.153658720708293e-29
    },
    "Log10(Area)": {
      "r": -0.27415307780149933,
      "p": 2.63735569550343e-29
    },
    "Width": {
      "r": -0.02123099598139957,
      "p": 0.3932691605096623
    },
    "Height": {
      "r": -0.29995641731224293,
      "p": 5.162290048905619e-35
    },
    "Aspect Ratio": {
      "r": 0.2310718422703676,
      "p": 4.590995229360341e-21
    },
    "Center X": {
      "r": 0.02955592038901077,
      "p": 0.23460625449196143
    },
    "Center Y": {
      "r": 0.05745799657352154,
      "p": 0.020774904040468285
    },
    "Num Pred Regions": {
      "r": -0.2878989109297108,
      "p": 2.849040609489854e-32
    },
    "Pred Area": {
      "r": 0.41498087154911006,
      "p": 2.0751214100349963e-68
    },
    "Log10(Pred Area)": {
      "r": 0.40592305729079403,
      "p": 2.927260181297919e-65
    },
    "Area Ratio": {
      "r": 0.2764731368018655,
      "p": 8.554958010474945e-30
    },
    "Tokens Selected": {
      "r": 0.20247009349610215,
      "p": 1.9390246668012037e-16
    },
    "Token Savings %": {
      "r": -0.3040753942651773,
      "p": 5.568113830298054e-36
    }
  },
  "by_category": {
    "cs": {
      "n": 216,
      "mean_iou": 0.6971296240074346,
      "std_iou": 0.25160654103251356,
      "mean_area": 1316336.75,
      "mean_width": 1653.4444444444443,
      "mean_height": 781.8796296296297,
      "mean_aspect_ratio": 3.168591407006687,
      "mean_num_pred_regions": 4.625,
      "mean_token_savings_pct": 29.03115342166497,
      "mean_area_ratio": 3.352830226537153
    },
    "econ": {
      "n": 214,
      "mean_iou": 0.5134576185282086,
      "std_iou": 0.29365799076768695,
      "mean_area": 1555408.0280373832,
      "mean_width": 1739.6915887850466,
      "mean_height": 897.5467289719626,
      "mean_aspect_ratio": 3.355417126121243,
      "mean_num_pred_regions": 6.47196261682243,
      "mean_token_savings_pct": 28.36618041091917,
      "mean_area_ratio": 2.8643740978899066
    },
    "eess": {
      "n": 196,
      "mean_iou": 0.6558521374156249,
      "std_iou": 0.22970603068546,
      "mean_area": 1004994.168367347,
      "mean_width": 1308.954081632653,
      "mean_height": 734.4591836734694,
      "mean_aspect_ratio": 2.2689944540239515,
      "mean_num_pred_regions": 7.280612244897959,
      "mean_token_savings_pct": 31.575499551220087,
      "mean_area_ratio": 4.953625933003679
    },
    "math": {
      "n": 188,
      "mean_iou": 0.38190422636228744,
      "std_iou": 0.2449930564000888,
      "mean_area": 1675718.1276595744,
      "mean_width": 1774.2659574468084,
      "mean_height": 947.0265957446809,
      "mean_aspect_ratio": 3.4117714042304543,
      "mean_num_pred_regions": 7.851063829787234,
      "mean_token_savings_pct": 38.896355496924166,
      "mean_area_ratio": 2.2848814798137487
    },
    "physics": {
      "n": 213,
      "mean_iou": 0.5786765735577764,
      "std_iou": 0.2680500637231109,
      "mean_area": 1892819.9765258215,
      "mean_width": 1612.6666666666667,
      "mean_height": 1167.605633802817,
      "mean_aspect_ratio": 2.2619379551753647,
      "mean_num_pred_regions": 5.206572769953052,
      "mean_token_savings_pct": 28.59169537748759,
      "mean_area_ratio": 2.908886243890324
    },
    "q-bio": {
      "n": 176,
      "mean_iou": 0.6156039291934085,
      "std_iou": 0.2570003868757528,
      "mean_area": 1879451.4943181819,
      "mean_width": 1867.1136363636363,
      "mean_height": 979.7840909090909,
      "mean_aspect_ratio": 3.081888526878988,
      "mean_num_pred_regions": 3.8693181818181817,
      "mean_token_savings_pct": 26.70965340963338,
      "mean_area_ratio": 2.705292376590906
    },
    "q-fin": {
      "n": 216,
      "mean_iou": 0.5434026573803844,
      "std_iou": 0.24203052033884961,
      "mean_area": 1774976.0092592593,
      "mean_width": 1634.1712962962963,
      "mean_height": 1090.4305555555557,
      "mean_aspect_ratio": 2.123300833917961,
      "mean_num_pred_regions": 5.699074074074074,
      "mean_token_savings_pct": 29.688205342501256,
      "mean_area_ratio": 2.283661349961011
    },
    "stat": {
      "n": 200,
      "mean_iou": 0.5591939096902953,
      "std_iou": 0.2518479217457232,
      "mean_area": 1739178.115,
      "mean_width": 1659.395,
      "mean_height": 1058.445,
      "mean_aspect_ratio": 2.4253558186266657,
      "mean_num_pred_regions": 4.73,
      "mean_token_savings_pct": 28.051369830301336,
      "mean_area_ratio": 2.340950363532646
    }
  },
  "quartiles": {
    "area_25": 785940.5,
    "area_50": 1361409.0,
    "area_75": 2183480.0
  },
  "within_document": {
    "num_multi_sample_docs": 80,
    "mean_within_doc_std": 0.2229170751863717,
    "mean_within_doc_range": 0.785780253871079,
    "overall_std": 0.2709421893379001,
    "variance_decomposition": {
      "overall": 0.07340966996321452,
      "within_doc": 0.05285576975369397,
      "between_doc": 0.020553900209520547
    }
  }
}